,code,score,abs_score,0,1,2,3,4,5
0,50,0.7938367935867987,0.4940305920364112,82.95,82.95,82.95,82.95,82.95,82.95
1,50,0.7574291483724798,0.49153767550426275,82.95,82.36951326968084,82.44569337924507,82.536000818198,82.77784377333614,82.03879956567211
2,50,0.7292731315554729,0.4930328214779538,82.95,83.61994171142578,83.3641357421875,83.36890411376953,83.45646667480469,83.27266693115234
3,50,0.7421009817818743,0.4938451678283858,82.95,83.03925590593032,83.1727511449918,83.28982200058813,83.40098679489715,83.5091781232742
0,51,0.8015522968464582,0.49380035886196194,32.5,32.5,32.5,32.5,32.5,32.5
1,51,0.7622432861437148,0.4917006504847998,32.5,31.7678723024426,31.70102634642089,31.6282483006805,31.60012362439648,31.7072428287178
2,51,0.7183313414540555,0.49313754300444346,32.5,32.56012725830078,32.473114013671875,32.465187072753906,32.52662658691406,32.421356201171875
3,51,0.7488051554644525,0.4935725973249175,32.5,32.48974735754773,32.490015726044184,32.48558618801407,32.47998223566035,32.47432211293755
